Sr.No,API Name,URL,Method,Request Headers,Request Payload,Success Response,Error Responses
1,Get Assigned Policies (Updated),/policies/assigned/{emp_id}/,GET,"Authorization: Bearer <jwt_token>",None,"{""alert"": ""Alert! You Need to Accept All Policy to Avail your Attendance and Payroll"", ""all_acknowledged"": false, ""total_policies"": 5, ""acknowledged_count"": 3, ""signed_document"": {""has_uploaded"": false, ""document_path"": null, ""uploaded_at"": null, ""email_status"": ""not_uploaded""}, ""policies"": [{""policy_id"": 1, ""policy_name"": ""Code of Conduct"", ""attachment_text"": ""policies/code_of_conduct.pdf"", ""acknowledged"": true}]}","404: {""error"": ""Employee not found""}"
2,Download Policy Acknowledgement Template,/policies/download-acknowledgement-template/{emp_id}/,GET,"Authorization: Bearer <jwt_token>",None,"Content-Type: application/pdf, Content-Disposition: attachment; filename=""Policy_Acknowledgement_Template.pdf"" [PDF File Binary Data]","404: {""error"": ""Employee not found""}, 404: {""error"": ""Template file not found""}, 500: {""error"": ""Failed to download template: <error_message>""}"
3,Upload Signed Policy Document,/policies/upload-signed-document/{emp_id}/,POST,"Authorization: Bearer <jwt_token>, Content-Type: multipart/form-data","Form Data: signed_document: [File] (PDF/JPG/JPEG/PNG/DOCX, Max 10MB)","{""message"": ""Signed document uploaded successfully and email sent to HR"", ""employee_id"": ""EMP001"", ""employee_name"": ""John Doe"", ""file_path"": ""signed_acknowledgements/EMP001_policy_acknowledgement_20260131_143025.pdf"", ""uploaded_at"": ""2026-01-31 14:30:25"", ""email_sent"": true, ""hr_email"": ""hr@thedatatechlabs.com""}","400: {""error"": ""No file uploaded. Please upload a signed document.""}, 400: {""error"": ""File size exceeds maximum limit of 10.0MB""}, 400: {""error"": ""Invalid file type. Allowed types: .pdf, .jpg, .jpeg, .png, .docx""}, 400: {""error"": ""Please acknowledge all assigned policies before uploading the signed document"", ""acknowledged"": 2, ""total_policies"": 5}, 404: {""error"": ""Employee not found""}, 500: {""error"": ""Failed to upload document: <error_message>""}"
4,Check Signed Document Status,/policies/signed-document-status/{emp_id}/,GET,"Authorization: Bearer <jwt_token>",None,"{""employee_id"": ""EMP001"", ""employee_name"": ""John Doe"", ""has_uploaded"": true, ""document_path"": ""signed_acknowledgements/EMP001_policy_acknowledgement_20260131_143025.pdf"", ""uploaded_at"": ""2026-01-31 14:30:25"", ""email_status"": ""sent"", ""email_sent_at"": ""2026-01-31 14:30:30""}","404: {""error"": ""Employee not found""}, 500: {""error"": ""Failed to check status: <error_message>""}"
5,View/Download Signed Document (HR/Admin),/policies/view-signed-document/{emp_id}/,GET,"Authorization: Bearer <jwt_token>",None,"Content-Type: application/pdf (or image/jpeg etc.), Content-Disposition: attachment; filename=""EMP001_John_Doe_signed_policy.pdf"" [File Binary Data]","404: {""error"": ""Employee not found""}, 404: {""error"": ""No signed document found for this employee""}, 404: {""error"": ""Signed document file not found on server""}, 500: {""error"": ""Failed to retrieve document: <error_message>""}"
6,Get All Signed Documents (Basic Dashboard),/policies/all-signed-documents/,GET,"Authorization: Bearer <jwt_token>",None,"{""summary"": {""total_employees"": 150, ""uploaded"": 120, ""pending"": 30}, ""data"": [{""employee_id"": ""EMP001"", ""employee_name"": ""John Doe"", ""email"": ""john.doe@company.com"", ""document_path"": ""signed_acknowledgements/EMP001_policy_acknowledgement_20260131_143025.pdf"", ""uploaded_at"": ""2026-01-31 14:30:25"", ""email_status"": ""sent"", ""email_sent_at"": ""2026-01-31 14:30:30"", ""status"": ""Uploaded""}]}","500: {""error"": ""Failed to retrieve documents list: <error_message>""}"
7,Enhanced Dashboard with Reminders (HR/Admin),/policies/signed-documents-dashboard/,GET,"Authorization: Bearer <jwt_token>",None,"{""summary"": {""total_employees"": 150, ""uploaded"": 120, ""pending"": 30, ""pending_ready_for_reminder"": 25, ""pending_not_acknowledged"": 5, ""email_failed"": 2, ""total_reminders_sent"": 47}, ""data"": [{""employee_id"": ""EMP001"", ""employee_name"": ""John Doe"", ""email"": ""john.doe@company.com"", ""document_path"": ""signed_acknowledgements/EMP001_signed_20250110_143022.pdf"", ""uploaded_at"": ""2025-01-10 14:30:22"", ""email_status"": ""sent"", ""email_sent_at"": ""2025-01-10 14:30:25"", ""reminder_sent_count"": 0, ""last_reminder_sent_at"": null, ""last_reminded_by_name"": null, ""status"": ""Uploaded"", ""total_policies"": 5, ""acknowledged_policies"": 5, ""all_acknowledged"": true, ""can_send_reminder"": false}]}","500: {""error"": ""Failed to retrieve dashboard: <error_message>""}"
8,Send Reminder to Employee (HR/Admin),/policies/send-reminder/{emp_id}/,POST,"Authorization: Bearer <jwt_token>, Content-Type: application/json","{""user_id"": 123}","{""message"": ""Reminder sent successfully to employee"", ""employee_id"": ""EMP002"", ""employee_name"": ""Jane Smith"", ""employee_email"": ""jane.smith@company.com"", ""reminder_sent_at"": ""2025-01-10 15:30:45"", ""total_reminders_sent"": 3, ""notification_sent"": true}","400: {""error"": ""user_id is required in request body""}, 404: {""error"": ""Employee not found""}, 400: {""error"": ""No policies assigned to this employee""}, 400: {""error"": ""Employee has not acknowledged all policies yet"", ""acknowledged"": 3, ""total_policies"": 5}, 400: {""error"": ""Employee has already uploaded the signed document"", ""document_path"": ""signed_acknowledgements/EMP002_signed_20250110_143022.pdf"", ""email_status"": ""sent""}, 500: {""error"": ""Failed to send reminder: <error_message>""}"
9,Resend Email to HR (HR/Admin),/policies/resend-email/{emp_id}/,POST,"Authorization: Bearer <jwt_token>, Content-Type: application/json",None,"{""message"": ""Email resent successfully to HR"", ""employee_id"": ""EMP003"", ""employee_name"": ""Mike Johnson"", ""hr_email"": ""hr@thedatatechlabs.com"", ""email_sent_at"": ""2025-01-10 16:45:30"", ""previous_status"": ""failed""}","404: {""error"": ""Employee not found""}, 404: {""error"": ""No signed document found for this employee""}, 404: {""error"": ""Signed document file not found on server""}, 500: {""error"": ""Failed to send email: SMTP authentication error"", ""employee_id"": ""EMP003"", ""employee_name"": ""Mike Johnson""}"
